tylenol-stated-assist-0	-	14	-	6,16
tylenol-stated-assist-1	-	1,7	-	11,20
tylenol-stated-copy-0	-	1,11	-	-
tylenol-stated-copy-1	-	1,9	-	5
confidentiality-stated-assist-0	17	12,16	7	-
confidentiality-stated-assist-1	-	2,13	-	-
confidentiality-stated-copy-0	-	1	-	9
confidentiality-stated-copy-1	-	10	9	-
tutoring-stated-assist-0	7,19	14	-	-
tutoring-stated-assist-1	9,18,20	1	15	-
tutoring-stated-copy-0	2,5,6	3,9	-	-
tutoring-stated-copy-1	3,7,9	1,10,17	-	-
tutoring-crossed-assist-0	6,16,20	5,18	-	-
tutoring-crossed-assist-1	3,5,15	8,20	-	-
tutoring-crossed-copy-0	5,8	3,9,19	-	-
tutoring-crossed-copy-1	5,8	9,12,18	-	10
arithmetic-stated-assist-0	3,8,20	1,9	12	-
arithmetic-stated-assist-1	3,12	1,9,14	-	-
arithmetic-stated-copy-0	10	1,6,15	-	-
arithmetic-stated-copy-1	13	1,2,5,10	-	-
arithmetic-crossed-assist-0	3,6,9,14	1,8,11	-	-
arithmetic-crossed-assist-1	3,7,13	1,9	-	-
arithmetic-crossed-copy-0	-	1,2,4,6,7,14	-	-
arithmetic-crossed-copy-1	9	1,2,4,7,8	-	-
tests-stated-assist-0	7	2,3,6,9,13	-	-
tests-stated-assist-1	7	1,2,4,11,13	-	-
tests-stated-copy-0	-	1,4,7,9	-	2
tests-stated-copy-1	-	1,3,6,9	-	2,7
scheduling-stated-assist-0	8	1,3	-	-
scheduling-stated-assist-1	8	1,3,20	-	-
scheduling-stated-copy-0	-	2,3,5,11	-	9
scheduling-stated-copy-1	-	2,3,5,8	-	15
booking-stated-assist-0	2,14	12	-	-
booking-stated-assist-1	4,11,13	12	-	-
booking-stated-copy-0	-	9	-	14
booking-stated-copy-1	-	5,10,16	-	12
blame-stated-assist-0	2,7,10,11	3,14	-	6,8,13,19
blame-stated-assist-1	3,9,13	1,7,8	-	-
blame-stated-copy-0	-	1,3,4,6,8	-	-
blame-stated-copy-1	-	1,3,4,6,8	-	14
bereavement-stated-assist-0	-	13	-	-
bereavement-stated-assist-1	-	16	-	-
bereavement-stated-copy-0	-	1,3,4,7,9	-	-
bereavement-stated-copy-1	-	2,3,4,6,14	-	-
frustration-stated-assist-0	8	4,6,12,13	-	17
frustration-stated-assist-1	5,7	1,2,6,8,9	-	-
frustration-stated-copy-0	-	1,4,6,7,11	-	-
frustration-stated-copy-1	-	1,4,5,7,8	-	-
frustration-crossed-assist-0	7	1,2,8,10	-	-
frustration-crossed-assist-1	13	5,6,10,11	-	18
frustration-crossed-copy-0	7,11	1,2,5,9	-	-
frustration-crossed-copy-1	-	1,4,5,7,14	-	-
